<?xml version="1.0" encoding="utf-8"?>
<!DOCTYPE hibernate-mapping PUBLIC
    "-//Hibernate/Hibernate Mapping DTD 3.0//EN"
    "http://hibernate.sourceforge.net/hibernate-mapping-3.0.dtd">

<hibernate-mapping>
    <class name="com.infinite.jsf.insurance.model.InsuranceCoverageOption" table="insurance_coverage_option">
        <id name="coverageId" column="coverage_id" type="string">
            <generator class="assigned"/>
        </id>

        <many-to-one name="insurancePlan" column="plan_id" class="com.infinite.jsf.insurance.model.InsurancePlan" not-null="false" fetch="join" lazy="false"/>

        <property name="premiumAmount" column="premium_amount" type="double"/>
        <property name="coverageAmount" column="coverage_amount" type="double"/>

        <property name="status">
            <column name="status" not-null="true"/>
            <type name="org.hibernate.type.EnumType">
                <param name="enumClass">com.infinite.jsf.insurance.model.CoveragePlanStatus</param>
                <param name="type">12</param>
            </type>
        </property>

       
        <property name="coverageType">
            <column name="coverage_type" not-null="true"/>
            <type name="org.hibernate.type.EnumType">
                <param name="enumClass">com.infinite.jsf.insurance.model.CoverageType</param>
                <param name="type">12</param>
            </type>
        </property>
    </class>
</hibernate-mapping>
