<?xml version="1.0" encoding="utf-8"?>
<!DOCTYPE hibernate-mapping PUBLIC
    "-//Hibernate/Hibernate Mapping DTD 3.0//EN"
    "http://hibernate.sourceforge.net/hibernate-mapping-3.0.dtd">

<hibernate-mapping>
	<class name="com.infinite.jsf.insurance.model.InsurancePlan"
		table="insurance_plan">

		<id name="planId" column="plan_id" type="string">
			<generator class="assigned" />
		</id>

		<many-to-one name="insuranceCompany"
			class="com.infinite.jsf.insurance.model.InsuranceCompany"
			column="company_id" not-null="true" lazy="false" fetch="join" />


		<property name="planName" column="plan_name" type="string" />

		<!-- Map enum via helper method -->
		<property name="planTypeString" column="plan_type"
			type="string" />

		<property name="minEntryAge" column="min_entry_age"
			type="int" />

		<property name="maxEntryAge" column="max_entry_age"
			type="int" />

		<property name="description" column="description" type="text" />

		<property name="availableCoverAmounts"
			column="available_cover_amounts"  type="double"/>

		<property name="waitingPeriod" column="waiting_period" type="int"/>

		<property name="createdOn" column="created_on" type="date" />

		<property name="expireDate" column="expire_date" type="date" />

		<property name="activeOn" column="active_on" type="date" />

		<property name="periodicDiseases" column="periodic_diseases"
			type="string" />
		<property name="maximumMemberAllowed"

			column="maximum_member_allowed" type="int" />

		<property name="minimumMeberAllowed"
			column="minimum_member_allowed" type="int" />

	</class>
</hibernate-mapping>
