<?xml version="1.0" encoding="UTF-8"?>
<!DOCTYPE hibernate-mapping PUBLIC 
    "-//Hibernate/Hibernate Mapping DTD 3.0//EN" 
    "http://hibernate.sourceforge.net/hibernate-mapping-3.0.dtd">

<hibernate-mapping>
    <class name="com.infinite.jsf.pharmacy.model.DispensedEquipments" table="Dispensed_Equipments">
        
        <id name="dispensedEquipId" column="dispensed_equip_id" type="string" />

        <many-to-one name="equipment" class="com.infinite.jsf.pharmacy.model.Equipment" 
                     column="equipment_id" not-null="true" />

        <many-to-one name="pharmacy" class="com.infinite.jsf.pharmacy.model.Pharmacy" 
                     column="pharmacy_id" not-null="true" />

        <property name="quantityDispensed" column="quantity_dispensed" type="int" not-null="true" />
        <property name="dispenseDate" column="dispense_date" type="date" not-null="true" />
        <property name="prescriptionId" column="prescription_id" type="string" not-null="true" />
        <property name="doctorId" column="doctor_id" type="string" not-null="true" />
        <property name="hId" column="h_id" type="string" not-null="true" />
        <property name="pharmacistName" column="pharmacist_name" type="string" not-null="true" />

    </class>
    
    <query name="SoldEquipments">
        <![CDATA[
            from DispensedEquipments de
            where de.dispenseDate >= :fromDate and de.dispenseDate <= :toDate
            and (:hId is null or de.hId = :hId)
            and (:prescriptionId is null or de.prescriptionId = :prescriptionId)
            and (:doctorId is null or de.doctorId = :doctorId)
        ]]>
    </query>
    
</hibernate-mapping>
