<?xml version="1.0" encoding="UTF-8"?>
<!DOCTYPE hibernate-mapping PUBLIC
        "-//Hibernate/Hibernate Mapping DTD 3.0//EN"
        "http://hibernate.sourceforge.net/hibernate-mapping-3.0.dtd">

<hibernate-mapping package="com.infinite.jsf.pharmacy.model">

    <class name="Passwords" table="passwords">
    
        <id name="passwordId" column="PASSWORD_ID" type="int">
            <generator class="increment"/>
        </id>

        <many-to-one name="pharmacy" class="com.infinite.jsf.pharmacy.model.Pharmacy" column="PHARMACY_ID" not-null="true" fetch="select"/>

        <property name="password" column="PASSWORD" type="string"/>

    </class>
    
    <query name="ShowPasswords">
    	from Passwords
    </query>

</hibernate-mapping>